# agg.oq - Aggregate functions
#
# Licensed to the Apache Software Foundation (ASF) under one or more
# contributor license agreements.  See the NOTICE file distributed with
# this work for additional information regarding copyright ownership.
# The ASF licenses this file to you under the Apache License, Version 2.0
# (the "License"); you may not use this file except in compliance with
# the License.  You may obtain a copy of the License at
#
# http://www.apache.org/licenses/LICENSE-2.0
#
# Unless required by applicable law or agreed to in writing, software
# distributed under the License is distributed on an "AS IS" BASIS,
# WITHOUT WARRANTIES OR CONDITIONS OF ANY KIND, either express or implied.
# See the License for the specific language governing permissions and
# limitations under the License.
#
!use post
!set outputformat mysql

# count(*) returns number of rows in table
select count(ename) as c from emp;
+---+
| C |
+---+
| 9 |
+---+
(1 row)

!ok

# count of not-nullable column same as count(*)
select count(ename) as c from emp;
+---+
| C |
+---+
| 9 |
+---+
(1 row)

!ok

# count of nullable column
select count(deptno) as c from emp;
+---+
| C |
+---+
| 8 |
+---+
(1 row)

!ok

# composite count
!if (false) {
select count(deptno, ename, 1, deptno) as c from emp;
+---+
| C |
+---+
| 8 |
+---+
(1 row)

!ok
!}

select city, gender as c from emps;
+---------------+---+
| CITY          | C |
+---------------+---+
| Vancouver     | F |
| San Francisco | M |
|               |   |
| Vancouver     | M |
|               | F |
+---------------+---+
(5 rows)

!ok

# SELECT DISTINCT includes fully and partially null rows
select distinct city, gender from emps;
+---------------+--------+
| CITY          | GENDER |
+---------------+--------+
|               |        |
| Vancouver     | M      |
|               | F      |
| San Francisco | M      |
| Vancouver     | F      |
+---------------+--------+
(5 rows)

!ok

# COUNT excludes fully or partially null rows
select count(city, gender) as c from emps;
+---+
| C |
+---+
| 3 |
+---+
(1 row)

!ok

# COUNT-DISTINCT excludes fully or partially null rows
select count(distinct city, gender) as c from emps;
+---+
| C |
+---+
| 3 |
+---+
(1 row)

!ok

select distinct mod(deptno, 20) as m, gender as c from emps;
+----+---+
| M  | C |
+----+---+
|  0 | F |
| 10 |   |
|  0 | M |
+----+---+
(3 rows)

!ok

# Partially null row (10, NULL) is excluded from count.
select count(distinct mod(deptno, 20), gender) as c from emps;
+---+
| C |
+---+
| 2 |
+---+
(1 row)

!ok

select count(mod(deptno, 20), gender) as c from emps;
+---+
| C |
+---+
| 4 |
+---+
(1 row)

!ok

# Basic GROUPING SETS
select deptno, count(*) as c from emps group by grouping sets ((), (deptno));
+--------+---+
| DEPTNO | C |
+--------+---+
|      0 | 5 |
|     10 | 1 |
|     20 | 2 |
|     40 | 2 |
+--------+---+
(4 rows)

!ok

# GROUPING SETS on expression
select deptno + 1, count(*) as c from emps group by grouping sets ((), (deptno + 1));
+--------+---+
| EXPR$0 | C |
+--------+---+
|      0 | 5 |
|     11 | 1 |
|     21 | 2 |
|     41 | 2 |
+--------+---+
(4 rows)

!ok

# CUBE
!if (false) {
select deptno + 1, count(*) as c from emps group by cube(deptno, gender);
!ok
!}

# ROLLUP on 1 column
select deptno + 1, count(*) as c from emps group by rollup(deptno);
+--------+---+
| EXPR$0 | C |
+--------+---+
|      1 | 5 |
|     11 | 1 |
|     21 | 2 |
|     41 | 2 |
+--------+---+
(4 rows)

!ok

# ROLLUP on 2 columns; project columns in different order
select gender, deptno + 1, count(*) as c
from emps
group by rollup(deptno, gender);
+--------+--------+---+
| GENDER | EXPR$1 | C |
+--------+--------+---+
| F      |     21 | 1 |
| F      |     41 | 1 |
| M      |     21 | 1 |
| M      |     41 | 1 |
|        |      1 | 5 |
|        |     11 | 1 |
|        |     11 | 1 |
|        |     21 | 2 |
|        |     41 | 2 |
+--------+--------+---+
(9 rows)

!ok

# ROLLUP on column with nulls
# Note the two rows with NULL key (one represents ALL)
select gender, count(*) as c
from emps
group by rollup(gender);
+--------+---+
| GENDER | C |
+--------+---+
| F      | 2 |
| M      | 2 |
|        | 1 |
|        | 5 |
+--------+---+
(4 rows)

!ok

# ROLLUP plus ORDER BY
select gender, count(*) as c
from emps
group by rollup(gender)
order by c desc;
+--------+---+
| GENDER | C |
+--------+---+
|        | 5 |
| F      | 2 |
| M      | 2 |
|        | 1 |
+--------+---+
(4 rows)

!ok

# ROLLUP cartesian product
!if (false) {
select deptno + 1, count(*) as c from emps group by rollup(deptno, gender), rollup(city);
!ok
!}

# ROLLUP with HAVING
select deptno + 1, count(*) as c from emps group by rollup(deptno)
having count(*) > 3;
+--------+---+
| EXPR$0 | C |
+--------+---+
|      1 | 5 |
+--------+---+
(1 row)

!ok

# End agg.oq
