# agg.oq - Aggregate functions
!use post
!set outputformat mysql

# count(*) returns number of rows in table
select count(ename) as c from emp;
+---+
| C |
+---+
| 9 |
+---+
(1 row)

!ok

# count of not-nullable column same as count(*)
select count(ename) as c from emp;
+---+
| C |
+---+
| 9 |
+---+
(1 row)

!ok

# count of nullable column
select count(deptno) as c from emp;
+---+
| C |
+---+
| 8 |
+---+
(1 row)

!ok

# composite count
!if (false) {
select count(deptno, ename, 1, deptno) as c from emp;
+---+
| C |
+---+
| 8 |
+---+
(1 row)

!ok
!}

!use foodmart

select city, gender as c from "emps";
+---------------+---+
| CITY          | C |
+---------------+---+
| Vancouver     | F |
| San Francisco | M |
|               |   |
| Vancouver     | M |
|               | F |
+---------------+---+
(5 rows)

!ok

# SELECT DISTINCT includes fully and partially null rows
select distinct city, gender from "emps";
+---------------+--------+
| CITY          | GENDER |
+---------------+--------+
|               |        |
| Vancouver     | M      |
|               | F      |
| San Francisco | M      |
| Vancouver     | F      |
+---------------+--------+
(5 rows)

!ok

# COUNT excludes fully or partially null rows
select count(city, gender) as c from "emps";
+---+
| C |
+---+
| 3 |
+---+
(1 row)

!ok

# COUNT-DISTINCT excludes fully or partially null rows
select count(distinct city, gender) as c from "emps";
+---+
| C |
+---+
| 3 |
+---+
(1 row)

!ok

select distinct mod(deptno, 20) as m, gender as c from "emps";
+----+---+
| M  | C |
+----+---+
|  0 | F |
| 10 |   |
|  0 | M |
+----+---+
(3 rows)

!ok

# Partially null row (10, NULL) is excluded from count.
select count(distinct mod(deptno, 20), gender) as c from "emps";
+---+
| C |
+---+
| 2 |
+---+
(1 row)

!ok

select count(mod(deptno, 20), gender) as c from "emps";
+---+
| C |
+---+
| 4 |
+---+
(1 row)

!ok

# End agg.oq
